-------------------------- ENTITÄTEN -----------------------------

-- Patienten --
INSERT INTO PATIENTEN (PatientenID, Vorname, Nachname, Adresse, Geburtsdatum, Versichertenstatus) VALUES (1, 'Franz', 'Gilbert', 'Elsterweg 7', '05.12.2003', 'privat');
INSERT INTO PATIENTEN (PatientenID, Vorname, Nachname, Adresse, Geburtsdatum, Versichertenstatus) VALUES (2, 'Herbert', 'Mayer', 'Berliner Straße 18', '12.05.1988', 'gesetzlich');
INSERT INTO PATIENTEN (PatientenID, Vorname, Nachname, Adresse, Geburtsdatum, Versichertenstatus) VALUES (3, 'Gisela', 'Petersen', 'Franziskanerweg 5', '01.01.1960', 'gesetzlich');
INSERT INTO PATIENTEN (PatientenID, Vorname, Nachname, Adresse, Geburtsdatum, Versichertenstatus) VALUES (4, 'Magdalena', 'Walther', 'Querstraße 60', '25.10.1999', 'privat');
INSERT INTO PATIENTEN (PatientenID, Vorname, Nachname, Adresse, Geburtsdatum, Versichertenstatus) VALUES (5, 'Frauke', 'Eberth', 'Bahnhofstraße 5', '13.12.1975', 'privat');
INSERT INTO PATIENTEN (PatientenID, Vorname, Nachname, Adresse, Geburtsdatum, Versichertenstatus) VALUES (6, 'Peter', 'Mensch', 'Hirschhalde 45', '30.09.1997', 'gesetzlich');
INSERT INTO PATIENTEN (PatientenID, Vorname, Nachname, Adresse, Geburtsdatum, Versichertenstatus) VALUES (7, 'Leon', 'Quack', 'Mardersteige 12', '02.07.2008', null);
INSERT INTO PATIENTEN (PatientenID, Vorname, Nachname, Adresse, Geburtsdatum, Versichertenstatus) VALUES (8, 'Annalena', 'Sturm', 'Querstraße 61', '09.09.2009', 'privat');
INSERT INTO PATIENTEN (PatientenID, Vorname, Nachname, Adresse, Geburtsdatum, Versichertenstatus) VALUES (9, 'Leah', 'Müller', 'Birnenallee 201', '24.04.1947', 'gesetzlich');
INSERT INTO PATIENTEN (PatientenID, Vorname, Nachname, Adresse, Geburtsdatum, Versichertenstatus) VALUES (10, 'Gerda', 'Krug', 'Bahnhofstraße 4', '07.09.1969', 'privat');

-- Apotheken --
INSERT INTO APOTHEKE (ApothekenID, Name, Adresse) VALUES (1, 'Adlerapotheke', 'Lange Straße 5');
INSERT INTO APOTHEKE (ApothekenID, Name, Adresse) VALUES (2, 'Apotheke zum Wilden Schwein', 'Breite Straße 37');
INSERT INTO APOTHEKE (ApothekenID, Name, Adresse) VALUES (3, 'Dittmarscher Apotheke', 'Isengard 1');
INSERT INTO APOTHEKE (ApothekenID, Name, Adresse) VALUES (4, 'Planck-Apotheke', 'Dorfkrug 19');
INSERT INTO APOTHEKE (ApothekenID, Name, Adresse) VALUES (5, 'Gesundheitshaus', 'Leidensweg 66');
INSERT INTO APOTHEKE (ApothekenID, Name, Adresse) VALUES (6, 'Heilungshütte', 'Hebelstraße 42');
INSERT INTO APOTHEKE (ApothekenID, Name, Adresse) VALUES (7, 'Anti-Ableben-Apotheke', 'Hurtigruten 8');

-- Untersuchung --
INSERT INTO UNTERSUCHUNG (UntersuchungsID, Art, URL) VALUES (1, 'Blutuntersuchung', null);
INSERT INTO UNTERSUCHUNG (UntersuchungsID, Art, URL) VALUES (2, 'Urinanalyse', null);
INSERT INTO UNTERSUCHUNG (UntersuchungsID, Art, URL) VALUES (3, 'Röntgenuntersuchung', null);
INSERT INTO UNTERSUCHUNG (UntersuchungsID, Art, URL) VALUES (4, 'Magnetresonanztomographie', null);
INSERT INTO UNTERSUCHUNG (UntersuchungsID, Art, URL) VALUES (5, 'Elektrokardiogramm', null);
INSERT INTO UNTERSUCHUNG (UntersuchungsID, Art, URL) VALUES (6, 'Ultraschalluntersuchung', null);
INSERT INTO UNTERSUCHUNG (UntersuchungsID, Art, URL) VALUES (7, 'Computertomographie', null);
INSERT INTO UNTERSUCHUNG (UntersuchungsID, Art, URL) VALUES (8, 'Hautbiopsie', null);
INSERT INTO UNTERSUCHUNG (UntersuchungsID, Art, URL) VALUES (9, 'Lungenfunktionstest', null);
INSERT INTO UNTERSUCHUNG (UntersuchungsID, Art, URL) VALUES (10, 'Blutuntersuchung', null);
INSERT INTO UNTERSUCHUNG (UntersuchungsID, Art, URL) VALUES (11, 'Blutuntersuchun', null);
INSERT INTO UNTERSUCHUNG (UntersuchungsID, Art, URL) VALUES (12, 'Urinanalyse', null);
INSERT INTO UNTERSUCHUNG (UntersuchungsID, Art, URL) VALUES (13, 'Röntgenuntersuchung', null);
INSERT INTO UNTERSUCHUNG (UntersuchungsID, Art, URL) VALUES (14, 'Magnetresonanztomographie', null);
INSERT INTO UNTERSUCHUNG (UntersuchungsID, Art, URL) VALUES (15, 'Elektrokardiogramm', null);
INSERT INTO UNTERSUCHUNG (UntersuchungsID, Art, URL) VALUES (16, 'Ultraschalluntersuchung', null);
INSERT INTO UNTERSUCHUNG (UntersuchungsID, Art, URL) VALUES (17, 'Computertomographie', null);
INSERT INTO UNTERSUCHUNG (UntersuchungsID, Art, URL) VALUES (18, 'Hautbiopsie', null);
INSERT INTO UNTERSUCHUNG (UntersuchungsID, Art, URL) VALUES (19, 'Lungenfunktionstest', null);
INSERT INTO UNTERSUCHUNG (UntersuchungsID, Art, URL) VALUES (20, 'Lungenfunktionstest', null);

-- Hausarzt --
INSERT INTO HAUSARZT (HausarztID, Name, Adresse) VALUES (1, 'Mayer', 'Kurzer Weg 5');
INSERT INTO HAUSARZT (HausarztID, Name, Adresse) VALUES (2, 'Huber', 'Langer Weg 9');
INSERT INTO HAUSARZT (HausarztID, Name, Adresse) VALUES (3, 'Brinckdorff', 'Mittlerer Weg 7');

-- Facharzt --
INSERT INTO FACHARZT (FacharztID, Name, Adresse, Fachgebiet) VALUES (1, 'Bredehöft', 'Am Steinberg 17', 'Hals, Nasen, Ohren');
INSERT INTO FACHARZT (FacharztID, Name, Adresse, Fachgebiet) VALUES (2, 'Michaelis', 'Inselgarten 8', 'Handchirurgie');
INSERT INTO FACHARZT (FacharztID, Name, Adresse, Fachgebiet) VALUES (3, 'Öpni', 'Schweizerstraße 1/1', 'Notfallmedizin');
INSERT INTO FACHARZT (FacharztID, Name, Adresse, Fachgebiet) VALUES (4, 'Petersen', 'Eierstraße 5', 'Augen');

-- Labor --
INSERT INTO LABOR (LaborID, Name, Adresse) VALUES (1, 'P5', 'Hauptstraße 12');
INSERT INTO LABOR (LaborID, Name, Adresse) VALUES (2, 'GeoLab', 'Markstraße 50');
INSERT INTO LABOR (LaborID, Name, Adresse) VALUES (3, 'EpiLab', 'Seuchenstraße 666');
INSERT INTO LABOR (LaborID, Name, Adresse) VALUES (4, 'SpaceLab', 'Brandenburger Heide 1');

-- Befund --
INSERT INTO BEFUND (BefundID, Beschreibung, Weiterführendes) VALUES (1, 'Nüchternblutzucker 90 mg/dL.', null);
INSERT INTO BEFUND (BefundID, Beschreibung, Weiterführendes) VALUES (2, 'Proteinurie positiv.', null);
INSERT INTO BEFUND (BefundID, Beschreibung, Weiterführendes) VALUES (3, 'Degenerative Veränderungen der Wirbelsäule.', null);
INSERT INTO BEFUND (BefundID, Beschreibung, Weiterführendes) VALUES (4, 'Keine Anomalien im Gehirn nachgewiesen.', null);
INSERT INTO BEFUND (BefundID, Beschreibung, Weiterführendes) VALUES (5, 'Normaler Sinusrhythmus, keine ST-Segment-Veränderungen.', null);
INSERT INTO BEFUND (BefundID, Beschreibung, Weiterführendes) VALUES (6, 'Normale Leber- und Nierenstruktur.', null);
INSERT INTO BEFUND (BefundID, Beschreibung, Weiterführendes) VALUES (7, 'CT des Abdomens: Appendizitis bestätigt.', null);
INSERT INTO BEFUND (BefundID, Beschreibung, Weiterführendes) VALUES (8, 'Melanozitäres Niveau ohne Anzeichen von Malignität.', null);
INSERT INTO BEFUND (BefundID, Beschreibung, Weiterführendes) VALUES (9, 'Normale Lungenfunktion.', null);
INSERT INTO BEFUND (BefundID, Beschreibung, Weiterführendes) VALUES (10, 'Todesursache Lachen', null);

-- Patientenakte --
INSERT INTO PATIENTENAKTE (AktenID) VALUES (1);
INSERT INTO PATIENTENAKTE (AktenID) VALUES (2);
INSERT INTO PATIENTENAKTE (AktenID) VALUES (3);
INSERT INTO PATIENTENAKTE (AktenID) VALUES (4);
INSERT INTO PATIENTENAKTE (AktenID) VALUES (5);
INSERT INTO PATIENTENAKTE (AktenID) VALUES (6);
INSERT INTO PATIENTENAKTE (AktenID) VALUES (7);
INSERT INTO PATIENTENAKTE (AktenID) VALUES (8);
INSERT INTO PATIENTENAKTE (AktenID) VALUES (9);
INSERT INTO PATIENTENAKTE (AktenID) VALUES (10);

-- Proben --
INSERT INTO PROBEN (ProbenNr, Art) VALUES (1, 'Blut');
INSERT INTO PROBEN (ProbenNr, Art) VALUES (2, 'Stuhl');
INSERT INTO PROBEN (ProbenNr, Art) VALUES (3, 'Samen');
INSERT INTO PROBEN (ProbenNr, Art) VALUES (4, 'Urin');
INSERT INTO PROBEN (ProbenNr, Art) VALUES (5, 'Gewebe');
INSERT INTO PROBEN (ProbenNr, Art) VALUES (6, 'Blut');
INSERT INTO PROBEN (ProbenNr, Art) VALUES (7, 'Stuhl');
INSERT INTO PROBEN (ProbenNr, Art) VALUES (8, 'Samen');
INSERT INTO PROBEN (ProbenNr, Art) VALUES (9, 'Urin');
INSERT INTO PROBEN (ProbenNr, Art) VALUES (10, 'Gewebe');

-- eRezept --
INSERT INTO EREZEPT (RezeptID, Medikament, Art) VALUES (1, null, 'Kassen');
INSERT INTO EREZEPT (RezeptID, Medikament, Art) VALUES (2, null, 'Privat');
INSERT INTO EREZEPT (RezeptID, Medikament, Art) VALUES (3, null, 'OTC');
INSERT INTO EREZEPT (RezeptID, Medikament, Art) VALUES (4, null, 'Heilmittelverordnung');
INSERT INTO EREZEPT (RezeptID, Medikament, Art) VALUES (5, null, 'T');
INSERT INTO EREZEPT (RezeptID, Medikament, Art) VALUES (6, null, 'BTM');
INSERT INTO EREZEPT (RezeptID, Medikament, Art) VALUES (7, null, 'Hilfsmittel');
INSERT INTO EREZEPT (RezeptID, Medikament, Art) VALUES (8, 'Froschschenkel', 'BTM');
INSERT INTO EREZEPT (RezeptID, Medikament, Art) VALUES (9, 'Rollator', 'Hilfsmittel');
INSERT INTO EREZEPT (RezeptID, Medikament, Art) VALUES (10, 'Treppenlift', 'Hilfsmittel');

-- Messwerte --
INSERT INTO MESSWERTE (MesswertID, ErgebnisURL) VALUES (1, null);
INSERT INTO MESSWERTE (MesswertID, ErgebnisURL) VALUES (2, null);
INSERT INTO MESSWERTE (MesswertID, ErgebnisURL) VALUES (3, null);
INSERT INTO MESSWERTE (MesswertID, ErgebnisURL) VALUES (4, null);
INSERT INTO MESSWERTE (MesswertID, ErgebnisURL) VALUES (5, null);
INSERT INTO MESSWERTE (MesswertID, ErgebnisURL) VALUES (6, null);
INSERT INTO MESSWERTE (MesswertID, ErgebnisURL) VALUES (7, null);
INSERT INTO MESSWERTE (MesswertID, ErgebnisURL) VALUES (8, null);
INSERT INTO MESSWERTE (MesswertID, ErgebnisURL) VALUES (9, null);
INSERT INTO MESSWERTE (MesswertID, ErgebnisURL) VALUES (10, null);


-------------------------- RELATIONEN -----------------------------

-- Patient löst ein [1-n] --
INSERT INTO PATIENTLÖSTEIN(PATIENTENID, APOTHEKENID) VALUES (1, 1);
INSERT INTO PATIENTLÖSTEIN(PATIENTENID, APOTHEKENID) VALUES (2, 3);
INSERT INTO PATIENTLÖSTEIN(PATIENTENID, APOTHEKENID) VALUES (3, 2);
INSERT INTO PATIENTLÖSTEIN(PATIENTENID, APOTHEKENID) VALUES (4, 3);
INSERT INTO PATIENTLÖSTEIN(PATIENTENID, APOTHEKENID) VALUES (5, 6);
INSERT INTO PATIENTLÖSTEIN(PATIENTENID, APOTHEKENID) VALUES (6, 2);
INSERT INTO PATIENTLÖSTEIN(PATIENTENID, APOTHEKENID) VALUES (7, 6);
INSERT INTO PATIENTLÖSTEIN(PATIENTENID, APOTHEKENID) VALUES (8, 4);
INSERT INTO PATIENTLÖSTEIN(PATIENTENID, APOTHEKENID) VALUES (9, 7);
INSERT INTO PATIENTLÖSTEIN(PATIENTENID, APOTHEKENID) VALUES (10, 3);

-- Hausarzt erstellt Rezepte [1-n] --
INSERT INTO HAERSTELLT(HAUSARZTID, REZEPTID) VALUES (1,6);
INSERT INTO HAERSTELLT(HAUSARZTID, REZEPTID) VALUES (2,1);
INSERT INTO HAERSTELLT(HAUSARZTID, REZEPTID) VALUES (1,4);
INSERT INTO HAERSTELLT(HAUSARZTID, REZEPTID) VALUES (2,8);
INSERT INTO HAERSTELLT(HAUSARZTID, REZEPTID) VALUES (2,10);
INSERT INTO HAERSTELLT(HAUSARZTID, REZEPTID) VALUES (2,2);
INSERT INTO HAERSTELLT(HAUSARZTID, REZEPTID) VALUES (2,3);
INSERT INTO HAERSTELLT(HAUSARZTID, REZEPTID) VALUES (1,7);
INSERT INTO HAERSTELLT(HAUSARZTID, REZEPTID) VALUES (1,5);
INSERT INTO HAERSTELLT(HAUSARZTID, REZEPTID) VALUES (2,9);

-- Patient hat Rezepte [1-n] --
INSERT INTO PATIENTHATREZEPT(PATIENTENID, REZEPTID) VALUES (1,6);
INSERT INTO PATIENTHATREZEPT(PATIENTENID, REZEPTID) VALUES (2,1);
INSERT INTO PATIENTHATREZEPT(PATIENTENID, REZEPTID) VALUES (4,4);
INSERT INTO PATIENTHATREZEPT(PATIENTENID, REZEPTID) VALUES (5,8);
INSERT INTO PATIENTHATREZEPT(PATIENTENID, REZEPTID) VALUES (6,10);
INSERT INTO PATIENTHATREZEPT(PATIENTENID, REZEPTID) VALUES (8,2);
INSERT INTO PATIENTHATREZEPT(PATIENTENID, REZEPTID) VALUES (2,3);
INSERT INTO PATIENTHATREZEPT(PATIENTENID, REZEPTID) VALUES (1,7);
INSERT INTO PATIENTHATREZEPT(PATIENTENID, REZEPTID) VALUES (9,5);
INSERT INTO PATIENTHATREZEPT(PATIENTENID, REZEPTID) VALUES (10,9);

-- Hausarzt führt Patienakten [1-n] --
INSERT INTO HAFÜHRT(HAUSARZTID, AKTENID) VALUES (1,1);
INSERT INTO HAFÜHRT(HAUSARZTID, AKTENID) VALUES (2,2);
INSERT INTO HAFÜHRT(HAUSARZTID, AKTENID) VALUES (2,4);
INSERT INTO HAFÜHRT(HAUSARZTID, AKTENID) VALUES (2,5);
INSERT INTO HAFÜHRT(HAUSARZTID, AKTENID) VALUES (1,6);
INSERT INTO HAFÜHRT(HAUSARZTID, AKTENID) VALUES (1,8);
INSERT INTO HAFÜHRT(HAUSARZTID, AKTENID) VALUES (2,3);
INSERT INTO HAFÜHRT(HAUSARZTID, AKTENID) VALUES (1,7);
INSERT INTO HAFÜHRT(HAUSARZTID, AKTENID) VALUES (2,9);
INSERT INTO HAFÜHRT(HAUSARZTID, AKTENID) VALUES (2,10);

-- Facharzt führt Patientenakten [1-n] --
INSERT INTO FAFÜHRT(FACHARZTID, AKTENID) VALUES (4,1);
INSERT INTO FAFÜHRT(FACHARZTID, AKTENID) VALUES (1,2);
INSERT INTO FAFÜHRT(FACHARZTID, AKTENID) VALUES (2,4);
INSERT INTO FAFÜHRT(FACHARZTID, AKTENID) VALUES (4,5);
INSERT INTO FAFÜHRT(FACHARZTID, AKTENID) VALUES (3,6);
INSERT INTO FAFÜHRT(FACHARZTID, AKTENID) VALUES (4,8);
INSERT INTO FAFÜHRT(FACHARZTID, AKTENID) VALUES (4,3);
INSERT INTO FAFÜHRT(FACHARZTID, AKTENID) VALUES (4,7);
INSERT INTO FAFÜHRT(FACHARZTID, AKTENID) VALUES (4,9);
INSERT INTO FAFÜHRT(FACHARZTID, AKTENID) VALUES (4,10);

-- HA führt Untersuchungen durch [1-n] --
INSERT INTO HAFÜHRTDURCH(HAUSARZTID, UNTERSUCHUNGSID) VALUES (1,1);
INSERT INTO HAFÜHRTDURCH(HAUSARZTID, UNTERSUCHUNGSID) VALUES (1,2);
INSERT INTO HAFÜHRTDURCH(HAUSARZTID, UNTERSUCHUNGSID) VALUES (1,3);
INSERT INTO HAFÜHRTDURCH(HAUSARZTID, UNTERSUCHUNGSID) VALUES (1,4);
INSERT INTO HAFÜHRTDURCH(HAUSARZTID, UNTERSUCHUNGSID) VALUES (2,5);
INSERT INTO HAFÜHRTDURCH(HAUSARZTID, UNTERSUCHUNGSID) VALUES (2,6);
INSERT INTO HAFÜHRTDURCH(HAUSARZTID, UNTERSUCHUNGSID) VALUES (2,7);
INSERT INTO HAFÜHRTDURCH(HAUSARZTID, UNTERSUCHUNGSID) VALUES (3,8);
INSERT INTO HAFÜHRTDURCH(HAUSARZTID, UNTERSUCHUNGSID) VALUES (3,9);
INSERT INTO HAFÜHRTDURCH(HAUSARZTID, UNTERSUCHUNGSID) VALUES (3,10);

-- FA führt Untersuchungen durch [1-n] --
INSERT INTO FAFÜHRTDURCH(FACHARZTID, UNTERSUCHUNGSID) VALUES (1,11);
INSERT INTO FAFÜHRTDURCH(FACHARZTID, UNTERSUCHUNGSID) VALUES (1,12);
INSERT INTO FAFÜHRTDURCH(FACHARZTID, UNTERSUCHUNGSID) VALUES (1,13);
INSERT INTO FAFÜHRTDURCH(FACHARZTID, UNTERSUCHUNGSID) VALUES (1,14);
INSERT INTO FAFÜHRTDURCH(FACHARZTID, UNTERSUCHUNGSID) VALUES (2,15);
INSERT INTO FAFÜHRTDURCH(FACHARZTID, UNTERSUCHUNGSID) VALUES (2,16);
INSERT INTO FAFÜHRTDURCH(FACHARZTID, UNTERSUCHUNGSID) VALUES (2,17);
INSERT INTO FAFÜHRTDURCH(FACHARZTID, UNTERSUCHUNGSID) VALUES (3,18);
INSERT INTO FAFÜHRTDURCH(FACHARZTID, UNTERSUCHUNGSID) VALUES (3,19);
INSERT INTO FAFÜHRTDURCH(FACHARZTID, UNTERSUCHUNGSID) VALUES (3,20);

-- HA betreut Patienten [1-n] --
INSERT INTO HABETREUT(HAUSARZTID, PATIENTENID) VALUES (1,1);
INSERT INTO HABETREUT(HAUSARZTID, PATIENTENID) VALUES (2,2);
INSERT INTO HABETREUT(HAUSARZTID, PATIENTENID) VALUES (2,4);
INSERT INTO HABETREUT(HAUSARZTID, PATIENTENID) VALUES (2,5);
INSERT INTO HABETREUT(HAUSARZTID, PATIENTENID) VALUES (1,6);
INSERT INTO HABETREUT(HAUSARZTID, PATIENTENID) VALUES (1,8);
INSERT INTO HABETREUT(HAUSARZTID, PATIENTENID) VALUES (2,3);
INSERT INTO HABETREUT(HAUSARZTID, PATIENTENID) VALUES (1,7);
INSERT INTO HABETREUT(HAUSARZTID, PATIENTENID) VALUES (2,9);
INSERT INTO HABETREUT(HAUSARZTID, PATIENTENID) VALUES (2,10);

-- Patient hat Patientenakte [1-1] --
INSERT INTO PATIENTHAT(PATIENTENID, AKTENID) VALUES (1,1);
INSERT INTO PATIENTHAT(PATIENTENID, AKTENID) VALUES (2,2);
INSERT INTO PATIENTHAT(PATIENTENID, AKTENID) VALUES (4,4);
INSERT INTO PATIENTHAT(PATIENTENID, AKTENID) VALUES (5,5);
INSERT INTO PATIENTHAT(PATIENTENID, AKTENID) VALUES (6,6);
INSERT INTO PATIENTHAT(PATIENTENID, AKTENID) VALUES (8,8);
INSERT INTO PATIENTHAT(PATIENTENID, AKTENID) VALUES (3,3);
INSERT INTO PATIENTHAT(PATIENTENID, AKTENID) VALUES (7,7);
INSERT INTO PATIENTHAT(PATIENTENID, AKTENID) VALUES (9,9);
INSERT INTO PATIENTHAT(PATIENTENID, AKTENID) VALUES (10,10);

-- Hausarzt nimmt Probe [1-n] --
INSERT INTO HANIMMT(HAUSARZTID, PROBENNR) VALUES (1,1);
INSERT INTO HANIMMT(HAUSARZTID, PROBENNR) VALUES (2,2);
INSERT INTO HANIMMT(HAUSARZTID, PROBENNR) VALUES (2,3);
INSERT INTO HANIMMT(HAUSARZTID, PROBENNR) VALUES (2,4);
INSERT INTO HANIMMT(HAUSARZTID, PROBENNR) VALUES (1,5);
INSERT INTO HANIMMT(HAUSARZTID, PROBENNR) VALUES (2,6);
INSERT INTO HANIMMT(HAUSARZTID, PROBENNR) VALUES (1,7);
INSERT INTO HANIMMT(HAUSARZTID, PROBENNR) VALUES (2,8);
INSERT INTO HANIMMT(HAUSARZTID, PROBENNR) VALUES (2,9);
INSERT INTO HANIMMT(HAUSARZTID, PROBENNR) VALUES (2,10);

-- Facharzt nimmt Probe [1-n] --
INSERT INTO FANIMMT(FACHARZTID, PROBENNR) VALUES (1,1);
INSERT INTO FANIMMT(FACHARZTID, PROBENNR) VALUES (2,2);
INSERT INTO FANIMMT(FACHARZTID, PROBENNR) VALUES (2,3);
INSERT INTO FANIMMT(FACHARZTID, PROBENNR) VALUES (2,4);
INSERT INTO FANIMMT(FACHARZTID, PROBENNR) VALUES (1,5);
INSERT INTO FANIMMT(FACHARZTID, PROBENNR) VALUES (2,6);
INSERT INTO FANIMMT(FACHARZTID, PROBENNR) VALUES (1,7);
INSERT INTO FANIMMT(FACHARZTID, PROBENNR) VALUES (2,8);
INSERT INTO FANIMMT(FACHARZTID, PROBENNR) VALUES (2,9);
INSERT INTO FANIMMT(FACHARZTID, PROBENNR) VALUES (2,10);

-- Patient gibt Probe [1-n] --
INSERT INTO PATIENTGIBT(PATIENTENID, PROBENNR) VALUES (1,1);
INSERT INTO PATIENTGIBT(PATIENTENID, PROBENNR) VALUES (2,9);
INSERT INTO PATIENTGIBT(PATIENTENID, PROBENNR) VALUES (4,10);
INSERT INTO PATIENTGIBT(PATIENTENID, PROBENNR) VALUES (5,4);
INSERT INTO PATIENTGIBT(PATIENTENID, PROBENNR) VALUES (9,2);
INSERT INTO PATIENTGIBT(PATIENTENID, PROBENNR) VALUES (9,3);
INSERT INTO PATIENTGIBT(PATIENTENID, PROBENNR) VALUES (2,6);
INSERT INTO PATIENTGIBT(PATIENTENID, PROBENNR) VALUES (1,5);
INSERT INTO PATIENTGIBT(PATIENTENID, PROBENNR) VALUES (3,7);
INSERT INTO PATIENTGIBT(PATIENTENID, PROBENNR) VALUES (10,8);

-- Patientenakte enthält Befunde [1-n] --
INSERT INTO PATIENTENAKTEENTHÄLT(AKTENID, BEFUNDID) VALUES (1,1);
INSERT INTO PATIENTENAKTEENTHÄLT(AKTENID, BEFUNDID) VALUES (2,9);
INSERT INTO PATIENTENAKTEENTHÄLT(AKTENID, BEFUNDID) VALUES (4,7);
INSERT INTO PATIENTENAKTEENTHÄLT(AKTENID, BEFUNDID) VALUES (5,4);
INSERT INTO PATIENTENAKTEENTHÄLT(AKTENID, BEFUNDID) VALUES (6,2);
INSERT INTO PATIENTENAKTEENTHÄLT(AKTENID, BEFUNDID) VALUES (8,3);
INSERT INTO PATIENTENAKTEENTHÄLT(AKTENID, BEFUNDID) VALUES (3,6);
INSERT INTO PATIENTENAKTEENTHÄLT(AKTENID, BEFUNDID) VALUES (7,5);
INSERT INTO PATIENTENAKTEENTHÄLT(AKTENID, BEFUNDID) VALUES (9,10);
INSERT INTO PATIENTENAKTEENTHÄLT(AKTENID, BEFUNDID) VALUES (10,8);

-- HA arbeitet mit Labors [1-n] --
INSERT INTO HAARBEITETMIT(HAUSARZTID, LABORID) VALUES (1,1);
INSERT INTO HAARBEITETMIT(HAUSARZTID, LABORID) VALUES (1,2);
INSERT INTO HAARBEITETMIT(HAUSARZTID, LABORID) VALUES (1,3);
INSERT INTO HAARBEITETMIT(HAUSARZTID, LABORID) VALUES (1,4);
INSERT INTO HAARBEITETMIT(HAUSARZTID, LABORID) VALUES (2,1);
INSERT INTO HAARBEITETMIT(HAUSARZTID, LABORID) VALUES (2,2);
INSERT INTO HAARBEITETMIT(HAUSARZTID, LABORID) VALUES (2,3);
INSERT INTO HAARBEITETMIT(HAUSARZTID, LABORID) VALUES (3,4);
INSERT INTO HAARBEITETMIT(HAUSARZTID, LABORID) VALUES (3,1);
INSERT INTO HAARBEITETMIT(HAUSARZTID, LABORID) VALUES (3,2);

-- FA arbeitet mit Labors [1-n] --
INSERT INTO FAARBEITETMIT(FACHARZTID, LABORID) VALUES (1,1);
INSERT INTO FAARBEITETMIT(FACHARZTID, LABORID) VALUES (1,2);
INSERT INTO FAARBEITETMIT(FACHARZTID, LABORID) VALUES (1,3);
INSERT INTO FAARBEITETMIT(FACHARZTID, LABORID) VALUES (1,4);
INSERT INTO FAARBEITETMIT(FACHARZTID, LABORID) VALUES (2,1);
INSERT INTO FAARBEITETMIT(FACHARZTID, LABORID) VALUES (2,2);
INSERT INTO FAARBEITETMIT(FACHARZTID, LABORID) VALUES (2,3);
INSERT INTO FAARBEITETMIT(FACHARZTID, LABORID) VALUES (3,4);
INSERT INTO FAARBEITETMIT(FACHARZTID, LABORID) VALUES (3,1);
INSERT INTO FAARBEITETMIT(FACHARZTID, LABORID) VALUES (3,2);

-- Labor misst Messwerte [1-n] --
INSERT INTO LABORMISST(LABORID, MESSWERTID) VALUES (2,5);
INSERT INTO LABORMISST(LABORID, MESSWERTID) VALUES (1,3);
INSERT INTO LABORMISST(LABORID, MESSWERTID) VALUES (2,6);
INSERT INTO LABORMISST(LABORID, MESSWERTID) VALUES (1,7);
INSERT INTO LABORMISST(LABORID, MESSWERTID) VALUES (2,1);
INSERT INTO LABORMISST(LABORID, MESSWERTID) VALUES (1,2);
INSERT INTO LABORMISST(LABORID, MESSWERTID) VALUES (2,4);
INSERT INTO LABORMISST(LABORID, MESSWERTID) VALUES (3,10);
INSERT INTO LABORMISST(LABORID, MESSWERTID) VALUES (3,9);
INSERT INTO LABORMISST(LABORID, MESSWERTID) VALUES (3,8);
